{"cameraMode":{"drawMode":0,"name":"Shaded","section":"Shading Mode"},"sceneLighting":true,"audioPlay":false,"sceneViewState":{"m_AlwaysRefresh":false,"showFog":true,"showSkybox":true,"showFlares":true,"showImageEffects":true,"showParticleSystems":true,"showVisualEffectGraphs":true,"m_FxEnabled":true},"in2DMode":false,"pivot":{"x":0.5589335560798645,"y":-21.029987335205079,"z":12.213448524475098},"rotation":{"x":-0.6035700440406799,"y":-0.01070911530405283,"z":0.0082345400005579,"w":-0.7972643375396729},"size":23.689983367919923,"orthographic":false}